gene,NPC_prevalence,OPC_prevalence,AC_prevalence,MES_prevalence,SRI,worst_state,state_imbalance,wang_NPC,wang_OPC,wang_AC,wang_MES,wang_SRI,wang_worst_state,neftel_cat,wang_cat
TP53,0.368,0.381,0.333,0.333,0.333,AC,0.048,0.591,0.5,0.591,0.545,0.5,OPC,low,moderate
SYNE2,0.368,0.476,0.286,0.286,0.286,AC,0.19,0.818,0.727,0.727,0.727,0.727,OPC,low,high
CDYL2,0.053,0.0,0.0,0.0,0.0,OPC,0.053,0.0,0.0,0.0,0.091,0.0,NPC,low,low
ANKRD53,0.053,0.0,0.0,0.0,0.0,OPC,0.053,0.0,0.0,0.0,0.0,0.0,NPC,low,low
GABRB2,0.0,0.0,0.0,0.0,0.0,NPC,0.0,0.0,0.045,0.0,0.0,0.0,NPC,low,low
CNTNAP3,0.0,0.0,0.0,0.0,0.0,NPC,0.0,0.0,0.0,0.091,0.0,0.0,NPC,low,low
KIT,0.0,0.0,0.0,0.095,0.0,NPC,0.095,0.182,0.182,0.136,0.136,0.136,AC,low,low
ZNF513,0.158,0.143,0.095,0.048,0.048,MES,0.11,0.045,0.136,0.182,0.091,0.045,NPC,low,low
SLC22A3,0.053,0.0,0.048,0.0,0.0,OPC,0.053,0.0,0.0,0.0,0.0,0.0,NPC,low,low
COL6A3,0.0,0.0,0.0,0.0,0.0,NPC,0.0,0.0,0.091,0.0,0.273,0.0,NPC,low,low
RB1,0.526,0.619,0.667,0.857,0.526,NPC,0.331,0.909,0.909,0.909,0.864,0.864,MES,moderate,high
CEP41,0.421,0.524,0.333,0.19,0.19,MES,0.333,0.545,0.818,0.727,0.545,0.545,NPC,low,moderate
ARMCX4,0.053,0.0,0.0,0.0,0.0,OPC,0.053,0.5,0.545,0.409,0.227,0.227,MES,low,low
SGPP2,0.0,0.0,0.0,0.0,0.0,NPC,0.0,0.0,0.0,0.0,0.182,0.0,NPC,low,low
ADAMTS12,0.0,0.0,0.0,0.0,0.0,NPC,0.0,0.0,0.0,0.0,0.227,0.0,NPC,low,low
SMC1A,0.421,0.476,0.381,0.524,0.381,AC,0.143,0.864,0.864,0.818,0.818,0.818,AC,low,high
LRSAM1,0.053,0.095,0.143,0.048,0.048,MES,0.095,0.0,0.0,0.045,0.0,0.0,NPC,low,low
NF1,0.579,0.524,0.333,0.381,0.333,AC,0.246,0.727,0.864,0.864,0.818,0.727,NPC,low,high
ALDH1L1,0.105,0.143,0.429,0.0,0.0,MES,0.429,0.091,0.273,0.636,0.091,0.091,NPC,low,low
CILP2,0.0,0.0,0.0,0.0,0.0,NPC,0.0,0.0,0.0,0.0,0.0,0.0,NPC,low,low
ZBTB46,0.0,0.0,0.0,0.0,0.0,NPC,0.0,0.045,0.0,0.0,0.091,0.0,OPC,low,low
USP24,0.158,0.19,0.238,0.19,0.158,NPC,0.08,0.409,0.5,0.409,0.455,0.409,NPC,low,moderate
IGF2BP1,0.0,0.0,0.0,0.0,0.0,NPC,0.0,0.0,0.0,0.0,0.0,0.0,NPC,low,low
ZNF562,0.526,0.476,0.476,0.381,0.381,MES,0.145,0.864,0.727,0.818,0.864,0.727,OPC,low,high
ANKAR,0.105,0.095,0.0,0.0,0.0,AC,0.105,0.227,0.227,0.318,0.182,0.182,MES,low,low
ABCA9,0.0,0.048,0.0,0.0,0.0,NPC,0.048,0.0,0.045,0.0,0.045,0.0,NPC,low,low
COL9A3,0.368,0.667,0.238,0.238,0.238,AC,0.429,0.545,0.773,0.636,0.318,0.318,MES,low,low
MAN2A1,0.211,0.381,0.429,0.381,0.211,NPC,0.218,0.5,0.727,0.5,0.864,0.5,NPC,low,moderate
STRADB,0.368,0.476,0.571,0.476,0.368,NPC,0.203,0.409,0.636,0.636,0.636,0.409,NPC,low,moderate
TEP1,0.0,0.048,0.0,0.0,0.0,NPC,0.048,0.045,0.045,0.136,0.091,0.045,NPC,low,low
RAD21,0.737,0.762,0.714,0.762,0.714,AC,0.048,0.773,0.864,0.909,0.864,0.773,NPC,high,high
MS4A14,0.0,0.0,0.0,0.0,0.0,NPC,0.0,0.045,0.0,0.0,0.0,0.0,OPC,low,low
ABCG1,0.263,0.286,0.381,0.333,0.263,NPC,0.118,0.182,0.182,0.091,0.136,0.091,AC,low,low
DSG3,0.0,0.0,0.0,0.0,0.0,NPC,0.0,0.0,0.045,0.0,0.0,0.0,NPC,low,low
FCRL3,0.0,0.0,0.0,0.0,0.0,NPC,0.0,0.0,0.0,0.0,0.0,0.0,NPC,low,low
CA5A,0.105,0.0,0.095,0.095,0.0,OPC,0.105,0.0,0.0,0.0,0.045,0.0,NPC,low,low
POLR1A,0.105,0.143,0.095,0.048,0.048,MES,0.095,0.318,0.409,0.364,0.318,0.318,NPC,low,low
SLC35F5,0.211,0.429,0.333,0.333,0.211,NPC,0.218,0.636,0.773,0.727,0.773,0.636,NPC,low,moderate
CD96,0.053,0.095,0.048,0.048,0.048,AC,0.048,0.0,0.045,0.0,0.045,0.0,NPC,low,low
XRN1,0.263,0.333,0.333,0.238,0.238,MES,0.095,0.682,0.727,0.591,0.682,0.591,AC,low,moderate
PDZD2,0.0,0.19,0.143,0.0,0.0,NPC,0.19,0.273,0.727,0.591,0.5,0.273,NPC,low,low
PDE1C,0.0,0.143,0.095,0.0,0.0,NPC,0.143,0.045,0.455,0.182,0.091,0.045,NPC,low,low
AGBL3,0.0,0.048,0.0,0.0,0.0,NPC,0.048,0.091,0.182,0.182,0.0,0.0,MES,low,low
ABCA2,0.105,0.524,0.333,0.143,0.105,NPC,0.419,0.182,0.591,0.545,0.273,0.182,NPC,low,low
FAM118B,0.368,0.381,0.333,0.286,0.286,MES,0.095,0.318,0.364,0.409,0.227,0.227,MES,low,low
SUGT1,0.737,0.762,0.619,0.762,0.619,AC,0.143,0.773,0.864,0.818,0.773,0.773,NPC,moderate,high
XYLT1,0.0,0.095,0.0,0.048,0.0,NPC,0.095,0.318,0.455,0.136,0.091,0.091,MES,low,low
TAT,0.0,0.0,0.0,0.0,0.0,NPC,0.0,0.0,0.0,0.0,0.0,0.0,NPC,low,low
PEMT,0.474,0.429,0.476,0.381,0.381,MES,0.095,0.5,0.773,0.773,0.727,0.5,NPC,low,moderate
MIEF2,0.158,0.095,0.048,0.048,0.048,AC,0.11,0.045,0.045,0.0,0.0,0.0,AC,low,low
EVPL,0.0,0.0,0.0,0.0,0.0,NPC,0.0,0.0,0.0,0.0,0.0,0.0,NPC,low,low
TJP3,0.0,0.0,0.0,0.0,0.0,NPC,0.0,0.0,0.0,0.0,0.0,0.0,NPC,low,low
LILRB5,0.0,0.0,0.0,0.048,0.0,NPC,0.048,0.0,0.0,0.0,0.0,0.0,NPC,low,low
NLRP2,0.0,0.0,0.048,0.0,0.0,NPC,0.048,0.0,0.0,0.0,0.0,0.0,NPC,low,low
ZIM2,0.0,0.0,0.0,0.0,0.0,NPC,0.0,0.0,0.0,0.0,0.0,0.0,NPC,low,low
MGME1,0.316,0.429,0.333,0.333,0.316,NPC,0.113,0.545,0.682,0.545,0.5,0.5,MES,low,moderate
EMILIN3,0.105,0.143,0.095,0.048,0.048,MES,0.095,0.273,0.5,0.409,0.045,0.045,MES,low,low
CELSR1,0.0,0.0,0.048,0.048,0.0,NPC,0.048,0.0,0.0,0.045,0.045,0.0,NPC,low,low
USP51,0.053,0.048,0.0,0.0,0.0,AC,0.053,0.182,0.227,0.136,0.136,0.136,AC,low,low
ABCB6,0.0,0.0,0.0,0.0,0.0,NPC,0.0,0.227,0.273,0.409,0.409,0.227,NPC,low,low
AHNAK2,0.053,0.0,0.048,0.048,0.0,OPC,0.053,0.0,0.0,0.091,0.182,0.0,NPC,low,low
DLEC1,0.0,0.048,0.0,0.0,0.0,NPC,0.048,0.0,0.0,0.045,0.0,0.0,NPC,low,low
HEPH,0.0,0.0,0.0,0.0,0.0,NPC,0.0,0.0,0.045,0.136,0.273,0.0,NPC,low,low
MB,0.0,0.0,0.0,0.0,0.0,NPC,0.0,0.0,0.0,0.0,0.0,0.0,NPC,low,low
MTMR6,0.474,0.476,0.381,0.476,0.381,AC,0.095,0.545,0.727,0.773,0.773,0.545,NPC,low,moderate
NBAS,0.316,0.238,0.238,0.143,0.143,MES,0.173,0.545,0.591,0.545,0.545,0.545,NPC,low,moderate
PRPF39,0.263,0.333,0.143,0.095,0.095,MES,0.238,0.455,0.409,0.364,0.455,0.364,AC,low,low
ST3GAL5,0.421,0.571,0.524,0.476,0.421,NPC,0.15,0.727,0.864,0.818,0.727,0.727,NPC,moderate,high
TMEM150B,0.053,0.0,0.0,0.0,0.0,OPC,0.053,0.0,0.0,0.0,0.0,0.0,NPC,low,low
TNK2,0.421,0.524,0.286,0.286,0.286,AC,0.238,0.682,0.864,0.591,0.318,0.318,MES,low,low
USH2A,0.0,0.0,0.0,0.0,0.0,NPC,0.0,0.0,0.0,0.0,0.0,0.0,NPC,low,low
ZNF215,0.0,0.0,0.0,0.0,0.0,NPC,0.0,0.045,0.0,0.0,0.0,0.0,OPC,low,low
ADNP,0.421,0.429,0.333,0.381,0.333,AC,0.095,0.864,0.818,0.864,0.864,0.818,OPC,low,high
ASIC1,0.316,0.19,0.048,0.0,0.0,MES,0.316,0.273,0.409,0.364,0.091,0.091,MES,low,low
ASMTL,0.474,0.381,0.333,0.429,0.333,AC,0.14,0.455,0.5,0.455,0.591,0.455,NPC,low,moderate
ATP8A2,0.0,0.0,0.0,0.0,0.0,NPC,0.0,0.0,0.0,0.0,0.0,0.0,NPC,low,low
CACNA1G,0.053,0.0,0.0,0.0,0.0,OPC,0.053,0.0,0.0,0.0,0.0,0.0,NPC,low,low
CDKN1B,0.526,0.571,0.429,0.571,0.429,AC,0.143,0.909,0.864,0.818,0.727,0.727,MES,moderate,high
COL1A2,0.053,0.095,0.143,0.143,0.053,NPC,0.09,0.364,0.364,0.5,0.545,0.364,NPC,low,low
COL5A1,0.0,0.0,0.0,0.0,0.0,NPC,0.0,0.045,0.091,0.091,0.364,0.045,NPC,low,low
DAW1,0.0,0.0,0.0,0.0,0.0,NPC,0.0,0.0,0.0,0.0,0.0,0.0,NPC,low,low
DNASE2,0.579,0.571,0.81,0.81,0.571,OPC,0.238,0.636,0.727,0.818,0.773,0.636,NPC,moderate,moderate
DPH2,0.368,0.381,0.333,0.19,0.19,MES,0.19,0.227,0.364,0.091,0.136,0.091,AC,low,low
ECT2,0.105,0.286,0.048,0.048,0.048,AC,0.238,0.545,0.591,0.409,0.409,0.409,AC,low,moderate
GALNT15,0.0,0.143,0.19,0.048,0.0,NPC,0.19,0.0,0.136,0.318,0.227,0.0,NPC,low,low
GEMIN5,0.211,0.286,0.048,0.048,0.048,AC,0.238,0.273,0.364,0.318,0.364,0.273,NPC,low,low
GRIN3B,0.0,0.0,0.0,0.0,0.0,NPC,0.0,0.0,0.0,0.0,0.0,0.0,NPC,low,low
INPP5E,0.211,0.095,0.095,0.048,0.048,MES,0.163,0.091,0.227,0.136,0.136,0.091,NPC,low,low
LAMA4,0.053,0.19,0.143,0.048,0.048,MES,0.143,0.318,0.5,0.5,0.591,0.318,NPC,low,low
LRRK1,0.0,0.0,0.0,0.0,0.0,NPC,0.0,0.136,0.045,0.091,0.0,0.0,MES,low,low
MCM6,0.263,0.333,0.143,0.19,0.143,AC,0.19,0.364,0.5,0.227,0.409,0.227,AC,low,low
MEGF6,0.0,0.0,0.0,0.0,0.0,NPC,0.0,0.0,0.0,0.0,0.0,0.0,NPC,low,low
NSUN6,0.211,0.238,0.19,0.19,0.19,AC,0.048,0.727,0.727,0.727,0.636,0.636,MES,low,moderate
NTPCR,0.684,0.762,0.619,0.714,0.619,AC,0.143,0.636,0.818,0.864,0.682,0.636,NPC,moderate,moderate
PCDHGA2,0.0,0.0,0.0,0.0,0.0,NPC,0.0,0.0,0.0,0.0,0.0,0.0,NPC,low,low
PLCH1,0.0,0.0,0.0,0.0,0.0,NPC,0.0,0.0,0.0,0.045,0.0,0.0,NPC,low,low
PTPN11,0.368,0.476,0.381,0.286,0.286,MES,0.19,0.773,0.909,0.864,0.864,0.773,NPC,low,high
SEMA6A,0.526,0.381,0.381,0.048,0.048,MES,0.479,0.636,0.818,0.818,0.5,0.5,MES,low,moderate
SOX10,0.0,0.524,0.0,0.048,0.0,NPC,0.524,0.273,0.455,0.227,0.182,0.182,MES,low,low
SOX9,0.421,0.429,0.429,0.333,0.333,MES,0.095,0.682,0.864,0.818,0.682,0.682,NPC,low,moderate
SPEN,0.421,0.381,0.381,0.381,0.381,OPC,0.04,0.818,0.818,0.864,0.909,0.818,NPC,low,high
SPIRE1,0.263,0.381,0.286,0.095,0.095,MES,0.286,0.5,0.727,0.727,0.636,0.5,NPC,low,moderate
SYNE1,0.316,0.381,0.333,0.19,0.19,MES,0.19,0.636,0.818,0.818,0.818,0.636,NPC,low,moderate
TMC7,0.053,0.143,0.048,0.048,0.048,AC,0.095,0.0,0.182,0.091,0.0,0.0,NPC,low,low
TRERF1,0.0,0.0,0.0,0.0,0.0,NPC,0.0,0.0,0.045,0.045,0.0,0.0,NPC,low,low
ZSCAN12,0.053,0.0,0.0,0.0,0.0,OPC,0.053,0.136,0.136,0.091,0.091,0.091,AC,low,low
CHD7,0.474,0.524,0.429,0.381,0.381,MES,0.143,0.909,0.818,0.864,0.773,0.773,MES,low,high
LRP1B,0.053,0.048,0.048,0.0,0.0,MES,0.053,0.227,0.364,0.318,0.045,0.045,MES,low,low
PRKD1,0.105,0.143,0.238,0.048,0.048,MES,0.19,0.182,0.273,0.318,0.136,0.136,MES,low,low
DIS3,0.421,0.476,0.286,0.333,0.286,AC,0.19,0.727,0.818,0.773,0.818,0.727,NPC,low,high
ITPR3,0.0,0.048,0.0,0.0,0.0,NPC,0.048,0.0,0.0,0.0,0.0,0.0,NPC,low,low
SPATA5,0.105,0.143,0.0,0.048,0.0,AC,0.143,0.364,0.364,0.273,0.136,0.136,MES,low,low
MDN1,0.105,0.048,0.048,0.048,0.048,OPC,0.058,0.409,0.545,0.455,0.455,0.409,NPC,low,moderate
WSB1,0.895,0.905,0.905,0.905,0.895,NPC,0.01,0.955,0.864,1.0,0.955,0.864,OPC,high,high
NR1H3,0.053,0.0,0.095,0.143,0.0,OPC,0.143,0.0,0.091,0.045,0.091,0.0,NPC,low,low
NFKB1,0.053,0.143,0.381,0.476,0.053,NPC,0.424,0.5,0.591,0.545,0.727,0.5,NPC,low,moderate
ZCCHC14,0.105,0.095,0.095,0.095,0.095,OPC,0.01,0.5,0.682,0.5,0.409,0.409,MES,low,moderate
RBBP6,0.632,0.571,0.571,0.571,0.571,OPC,0.06,0.909,0.864,0.909,0.864,0.864,OPC,moderate,high
CROCC,0.158,0.048,0.0,0.0,0.0,AC,0.158,0.0,0.0,0.045,0.0,0.0,NPC,low,low
PANK2,0.632,0.429,0.429,0.524,0.429,OPC,0.203,0.773,0.682,0.818,0.727,0.682,OPC,moderate,moderate
SPEG,0.263,0.095,0.333,0.048,0.048,MES,0.286,0.182,0.136,0.455,0.227,0.136,OPC,low,low
TMCO3,0.526,0.381,0.333,0.381,0.333,AC,0.193,0.591,0.818,0.727,0.727,0.591,NPC,low,moderate
HECW1,0.211,0.0,0.0,0.0,0.0,OPC,0.211,0.045,0.045,0.0,0.0,0.0,AC,low,low
FAM186A,0.0,0.0,0.0,0.0,0.0,NPC,0.0,0.0,0.0,0.0,0.0,0.0,NPC,low,low
RAB37,0.0,0.0,0.0,0.0,0.0,NPC,0.0,0.0,0.0,0.0,0.045,0.0,NPC,low,low
GIMAP8,0.0,0.0,0.0,0.048,0.0,NPC,0.048,0.0,0.0,0.045,0.091,0.0,NPC,low,low
PSG2,0.0,0.0,0.0,0.0,0.0,NPC,0.0,0.0,0.0,0.0,0.0,0.0,NPC,low,low
HSPBP1,0.579,0.524,0.571,0.476,0.476,MES,0.103,0.682,0.773,0.727,0.682,0.682,NPC,moderate,moderate
MYBPC1,0.053,0.143,0.381,0.0,0.0,MES,0.381,0.182,0.364,0.591,0.318,0.182,NPC,low,low
SALL3,0.158,0.286,0.095,0.0,0.0,MES,0.286,0.455,0.727,0.636,0.182,0.182,MES,low,low
USP42,0.368,0.333,0.286,0.238,0.238,MES,0.13,0.455,0.682,0.591,0.5,0.455,NPC,low,moderate
PRKDC,0.526,0.524,0.524,0.619,0.524,OPC,0.095,0.864,0.818,0.818,0.909,0.818,OPC,moderate,high
FOXJ3,0.316,0.333,0.286,0.238,0.238,MES,0.095,0.773,0.818,0.818,0.773,0.773,NPC,low,high
ZC3H7A,0.316,0.476,0.333,0.381,0.316,NPC,0.16,0.818,0.818,0.818,0.818,0.818,NPC,low,high
CLSTN3,0.211,0.048,0.095,0.048,0.048,OPC,0.163,0.136,0.136,0.136,0.136,0.136,NPC,low,low
ZNF440,0.053,0.048,0.048,0.048,0.048,OPC,0.005,0.045,0.091,0.0,0.0,0.0,AC,low,low
ATXN1,0.474,0.381,0.381,0.381,0.381,OPC,0.093,0.773,0.818,0.773,0.818,0.773,NPC,low,high
MPV17,0.526,0.81,0.81,0.714,0.526,NPC,0.283,0.727,0.864,0.818,0.727,0.727,NPC,moderate,high
STK24,0.158,0.095,0.238,0.524,0.095,OPC,0.429,0.591,0.636,0.636,0.773,0.591,NPC,low,moderate
PYGL,0.263,0.19,0.524,0.571,0.19,OPC,0.381,0.364,0.5,0.636,0.5,0.364,NPC,low,low
ZBTB21,0.0,0.095,0.048,0.095,0.0,NPC,0.095,0.364,0.5,0.545,0.591,0.364,NPC,low,low
SERPINA5,0.0,0.048,0.0,0.0,0.0,NPC,0.048,0.0,0.0,0.0,0.045,0.0,NPC,low,low
ZFC3H1,0.316,0.286,0.333,0.333,0.286,OPC,0.048,0.864,0.818,0.864,0.818,0.818,OPC,low,high
NR1H2,0.474,0.571,0.571,0.714,0.474,NPC,0.241,0.773,0.773,0.773,0.773,0.773,NPC,moderate,high
SEMA3A,0.158,0.095,0.095,0.048,0.048,MES,0.11,0.091,0.182,0.318,0.227,0.091,NPC,low,low
ZNF528,0.368,0.333,0.19,0.048,0.048,MES,0.321,0.545,0.682,0.636,0.682,0.545,NPC,low,moderate
PTEN,0.474,0.286,0.476,0.476,0.286,OPC,0.19,0.636,0.818,0.864,0.818,0.636,NPC,low,moderate
PGM5,0.0,0.095,0.095,0.0,0.0,NPC,0.095,0.136,0.091,0.136,0.182,0.091,OPC,low,low
RIMBP2,0.0,0.0,0.0,0.0,0.0,NPC,0.0,0.0,0.0,0.0,0.0,0.0,NPC,low,low
KIF27,0.0,0.048,0.0,0.0,0.0,NPC,0.048,0.045,0.045,0.136,0.091,0.045,NPC,low,low
GRM8,0.0,0.0,0.0,0.0,0.0,NPC,0.0,0.0,0.0,0.0,0.091,0.0,NPC,low,low
ASPM,0.053,0.286,0.048,0.095,0.048,AC,0.238,0.455,0.545,0.273,0.273,0.273,AC,low,low
BTBD3,0.158,0.333,0.238,0.048,0.048,MES,0.286,0.5,0.818,0.773,0.682,0.5,NPC,low,moderate
NFASC,0.263,0.571,0.333,0.048,0.048,MES,0.524,0.455,0.545,0.636,0.545,0.455,NPC,low,moderate
ACTR1B,0.474,0.476,0.381,0.619,0.381,AC,0.238,0.545,0.773,0.636,0.727,0.545,NPC,low,moderate
PLAGL1,0.053,0.0,0.095,0.095,0.0,OPC,0.095,0.091,0.136,0.227,0.364,0.091,NPC,low,low
MPO,0.0,0.0,0.0,0.0,0.0,NPC,0.0,0.0,0.0,0.0,0.0,0.0,NPC,low,low
RGS18,0.105,0.0,0.286,0.381,0.0,OPC,0.381,0.136,0.0,0.0,0.045,0.0,OPC,low,low
ITGAM,0.053,0.0,0.381,0.476,0.0,OPC,0.476,0.045,0.045,0.045,0.0,0.0,MES,low,low
SPATA6L,0.053,0.0,0.0,0.0,0.0,OPC,0.053,0.0,0.045,0.0,0.0,0.0,NPC,low,low
KCNK6,0.105,0.048,0.143,0.19,0.048,OPC,0.143,0.136,0.091,0.045,0.091,0.045,AC,low,low
MATN4,0.0,0.0,0.0,0.0,0.0,NPC,0.0,0.045,0.045,0.045,0.0,0.0,MES,low,low
AHI1,0.526,0.571,0.429,0.381,0.381,MES,0.19,0.818,0.864,0.818,0.773,0.773,MES,low,high
CALM3,0.684,0.905,0.857,0.905,0.684,NPC,0.221,0.773,0.909,0.955,0.864,0.773,NPC,moderate,high
CDCP1,0.053,0.0,0.0,0.238,0.0,OPC,0.238,0.0,0.0,0.0,0.091,0.0,NPC,low,low
DPP8,0.368,0.429,0.333,0.381,0.333,AC,0.095,0.682,0.864,0.773,0.773,0.682,NPC,low,moderate
DPY19L2,0.0,0.048,0.0,0.0,0.0,NPC,0.048,0.045,0.045,0.045,0.0,0.0,MES,low,low
FAT1,0.053,0.238,0.143,0.048,0.048,MES,0.19,0.364,0.818,0.727,0.682,0.364,NPC,low,low
KCTD8,0.053,0.048,0.0,0.0,0.0,AC,0.053,0.0,0.136,0.045,0.0,0.0,NPC,low,low
NOTCH1,0.263,0.381,0.286,0.143,0.143,MES,0.238,0.591,0.773,0.818,0.727,0.591,NPC,low,moderate
NPHP3,0.316,0.333,0.238,0.095,0.095,MES,0.238,0.591,0.545,0.545,0.773,0.545,OPC,low,moderate
RNF217,0.053,0.048,0.095,0.143,0.048,OPC,0.095,0.182,0.136,0.182,0.455,0.136,OPC,low,low
SORL1,0.158,0.429,0.619,0.762,0.158,NPC,0.604,0.636,0.727,0.955,0.591,0.591,MES,low,moderate
SUPV3L1,0.263,0.238,0.095,0.19,0.095,AC,0.168,0.273,0.318,0.273,0.136,0.136,MES,low,low
BTBD8,0.0,0.048,0.0,0.0,0.0,NPC,0.048,0.273,0.227,0.182,0.0,0.0,MES,low,low
PLXNA2,0.158,0.143,0.19,0.0,0.0,MES,0.19,0.273,0.273,0.273,0.227,0.227,MES,low,low
MYO7B,0.0,0.0,0.0,0.0,0.0,NPC,0.0,0.0,0.0,0.0,0.0,0.0,NPC,low,low
PIK3CB,0.105,0.19,0.19,0.19,0.105,NPC,0.085,0.364,0.5,0.5,0.318,0.318,MES,low,low
ANTXR2,0.158,0.19,0.143,0.19,0.143,AC,0.048,0.227,0.318,0.182,0.5,0.182,AC,low,low
NPNT,0.053,0.143,0.19,0.0,0.0,MES,0.19,0.136,0.409,0.455,0.227,0.136,NPC,low,low
RAD1,0.632,0.429,0.381,0.524,0.381,AC,0.251,0.682,0.545,0.5,0.636,0.5,AC,low,moderate
P4HA2,0.105,0.0,0.095,0.286,0.0,OPC,0.286,0.091,0.0,0.136,0.455,0.0,OPC,low,low
CAP2,0.316,0.238,0.238,0.0,0.0,MES,0.316,0.364,0.409,0.545,0.318,0.318,MES,low,low
EGFR,0.474,0.619,0.524,0.333,0.333,MES,0.286,0.455,0.5,0.636,0.545,0.455,NPC,low,moderate
CNTNAP2,0.105,0.0,0.143,0.0,0.0,OPC,0.143,0.045,0.136,0.0,0.0,0.0,AC,low,low
TOLLIP,0.526,0.524,0.524,0.524,0.524,OPC,0.003,0.545,0.773,0.773,0.773,0.545,NPC,moderate,moderate
TECTA,0.0,0.0,0.0,0.0,0.0,NPC,0.0,0.0,0.0,0.0,0.0,0.0,NPC,low,low
TMEM52B,0.053,0.0,0.238,0.286,0.0,OPC,0.286,0.091,0.0,0.0,0.0,0.0,OPC,low,low
PCSK6,0.0,0.095,0.0,0.0,0.0,NPC,0.095,0.045,0.182,0.045,0.045,0.045,NPC,low,low
CLEC19A,0.0,0.0,0.0,0.0,0.0,NPC,0.0,0.045,0.0,0.0,0.0,0.0,OPC,low,low
SHPK,0.0,0.0,0.0,0.0,0.0,NPC,0.0,0.0,0.0,0.0,0.0,0.0,NPC,low,low
SRCIN1,0.0,0.19,0.0,0.0,0.0,NPC,0.19,0.182,0.318,0.182,0.0,0.0,MES,low,low
ST6GALNAC1,0.0,0.0,0.0,0.0,0.0,NPC,0.0,0.0,0.0,0.0,0.045,0.0,NPC,low,low
BSG,0.789,0.952,0.952,1.0,0.789,NPC,0.211,0.864,0.864,1.0,0.955,0.864,NPC,high,high
PTPRA,0.526,0.476,0.571,0.524,0.476,OPC,0.095,0.864,0.818,0.818,0.864,0.818,OPC,moderate,high
SLC4A11,0.0,0.048,0.048,0.0,0.0,NPC,0.048,0.0,0.0,0.0,0.0,0.0,NPC,low,low
KLHL22,0.263,0.381,0.19,0.048,0.048,MES,0.333,0.136,0.318,0.182,0.091,0.091,MES,low,low
MYH9,0.105,0.429,0.524,0.714,0.105,NPC,0.609,0.455,0.636,0.864,0.864,0.455,NPC,low,moderate
INTS2,0.053,0.048,0.048,0.048,0.048,OPC,0.005,0.227,0.364,0.318,0.227,0.227,NPC,low,low
STPG1,0.053,0.0,0.0,0.0,0.0,OPC,0.053,0.0,0.091,0.091,0.045,0.0,NPC,low,low
LAMB3,0.105,0.0,0.0,0.0,0.0,OPC,0.105,0.0,0.091,0.0,0.0,0.0,NPC,low,low
SOCS5,0.105,0.143,0.095,0.095,0.095,AC,0.048,0.409,0.545,0.455,0.545,0.409,NPC,low,moderate
HOMER1,0.316,0.19,0.381,0.143,0.143,MES,0.238,0.5,0.5,0.545,0.727,0.5,NPC,low,moderate
ANKHD1,0.316,0.286,0.143,0.238,0.143,AC,0.173,0.818,0.682,0.727,0.545,0.545,MES,low,moderate
MTCH1,0.737,0.714,0.714,0.714,0.714,OPC,0.023,0.864,0.864,0.955,0.864,0.864,NPC,high,high
CHMP7,0.368,0.476,0.333,0.381,0.333,AC,0.143,0.455,0.5,0.455,0.636,0.455,NPC,low,moderate
NRG1,0.0,0.0,0.0,0.0,0.0,NPC,0.0,0.091,0.136,0.045,0.091,0.045,AC,low,low
ANKS6,0.053,0.19,0.048,0.048,0.048,AC,0.143,0.091,0.227,0.091,0.0,0.0,MES,low,low
ZNF408,0.421,0.333,0.048,0.143,0.048,AC,0.373,0.136,0.091,0.136,0.136,0.091,OPC,low,low
SLC39A5,0.0,0.0,0.0,0.0,0.0,NPC,0.0,0.0,0.0,0.0,0.0,0.0,NPC,low,low
CAND1,0.737,0.524,0.381,0.429,0.381,AC,0.356,0.864,0.818,0.818,0.773,0.773,MES,low,high
COG6,0.211,0.429,0.286,0.143,0.143,MES,0.286,0.318,0.5,0.409,0.545,0.318,NPC,low,low
CYSLTR2,0.0,0.0,0.0,0.0,0.0,NPC,0.0,0.0,0.0,0.0,0.091,0.0,NPC,low,low
FARP1,0.421,0.381,0.381,0.381,0.381,OPC,0.04,0.682,0.727,0.727,0.682,0.682,NPC,low,moderate
FBLN5,0.0,0.048,0.095,0.0,0.0,NPC,0.095,0.0,0.045,0.091,0.227,0.0,NPC,low,low
ABCC11,0.0,0.0,0.0,0.0,0.0,NPC,0.0,0.0,0.0,0.0,0.0,0.0,NPC,low,low
EPB41L3,0.0,0.333,0.429,0.381,0.0,NPC,0.429,0.273,0.273,0.136,0.136,0.136,AC,low,low
ARID3A,0.263,0.286,0.381,0.524,0.263,NPC,0.261,0.227,0.136,0.091,0.364,0.091,AC,low,low
FCGBP,0.158,0.286,0.714,0.524,0.158,NPC,0.556,0.091,0.045,0.136,0.273,0.045,OPC,low,low
CLEC11A,0.316,0.333,0.333,0.381,0.316,NPC,0.065,0.636,0.682,0.682,0.591,0.591,MES,low,moderate
LSS,0.105,0.333,0.143,0.048,0.048,MES,0.286,0.136,0.591,0.5,0.455,0.136,NPC,low,low
TUBA8,0.0,0.0,0.0,0.0,0.0,NPC,0.0,0.0,0.0,0.0,0.0,0.0,NPC,low,low
DENND6B,0.105,0.048,0.381,0.381,0.048,OPC,0.333,0.0,0.045,0.091,0.0,0.0,NPC,low,low
DDX3X,0.789,0.714,0.762,0.857,0.714,OPC,0.143,1.0,0.909,1.0,1.0,0.909,OPC,high,high
SYTL4,0.0,0.0,0.095,0.0,0.0,NPC,0.095,0.091,0.273,0.545,0.273,0.091,NPC,low,low
ZC3HC1,0.526,0.381,0.333,0.143,0.143,MES,0.383,0.318,0.273,0.364,0.227,0.227,MES,low,low
TLN1,0.368,0.524,0.619,0.714,0.368,NPC,0.346,0.955,0.864,0.909,0.909,0.864,OPC,low,high
CBL,0.105,0.19,0.238,0.143,0.105,NPC,0.133,0.727,0.682,0.727,0.682,0.682,OPC,low,moderate
BOD1L1,0.474,0.429,0.381,0.381,0.381,AC,0.093,0.909,0.864,0.909,0.955,0.864,OPC,low,high
LZTS2,0.105,0.286,0.095,0.19,0.095,AC,0.19,0.182,0.5,0.273,0.318,0.182,NPC,low,low
TMEM38A,0.158,0.048,0.19,0.095,0.048,OPC,0.143,0.045,0.0,0.045,0.0,0.0,OPC,low,low
ZNF224,0.368,0.286,0.238,0.19,0.19,MES,0.178,0.591,0.682,0.682,0.727,0.591,NPC,low,moderate
DBNL,0.737,0.762,0.714,0.81,0.714,AC,0.095,0.727,0.818,0.909,0.818,0.727,NPC,high,high
PRC1,0.316,0.476,0.143,0.286,0.143,AC,0.333,0.545,0.545,0.364,0.5,0.364,AC,low,low
WDR45,0.421,0.524,0.667,0.714,0.421,NPC,0.293,0.591,0.727,0.727,0.818,0.591,NPC,moderate,moderate
ACTN1,0.368,0.143,0.571,0.619,0.143,OPC,0.476,0.455,0.455,0.727,0.818,0.455,NPC,low,moderate
HGS,0.579,0.476,0.429,0.476,0.429,AC,0.15,0.591,0.864,0.682,0.727,0.591,NPC,moderate,moderate
IQGAP1,0.105,0.429,0.429,0.714,0.105,NPC,0.609,0.864,0.818,0.955,0.909,0.818,OPC,low,high
EIF2B5,0.474,0.381,0.381,0.333,0.333,MES,0.14,0.682,0.818,0.818,0.727,0.682,NPC,low,moderate
CC2D1B,0.053,0.0,0.0,0.048,0.0,OPC,0.053,0.045,0.136,0.182,0.136,0.045,NPC,low,low
EXOC6B,0.105,0.19,0.095,0.048,0.048,MES,0.143,0.318,0.5,0.409,0.273,0.273,MES,low,low
GBP1,0.105,0.333,0.619,0.571,0.105,NPC,0.514,0.091,0.227,0.636,0.591,0.091,NPC,low,low
KBTBD2,0.316,0.429,0.333,0.286,0.286,MES,0.143,0.636,0.773,0.727,0.727,0.636,NPC,low,moderate
RAB11FIP5,0.0,0.048,0.048,0.048,0.0,NPC,0.048,0.0,0.0,0.0,0.091,0.0,NPC,low,low
KLKB1,0.0,0.0,0.0,0.0,0.0,NPC,0.0,0.0,0.0,0.0,0.0,0.0,NPC,low,low
HMOX1,0.368,0.333,0.857,0.952,0.333,OPC,0.619,0.682,0.409,0.773,0.773,0.409,OPC,low,moderate
MDH1B,0.0,0.0,0.048,0.0,0.0,NPC,0.048,0.045,0.0,0.045,0.0,0.0,OPC,low,low
AXL,0.158,0.095,0.619,0.619,0.095,OPC,0.524,0.273,0.182,0.5,0.636,0.182,OPC,low,low
CAMSAP1,0.368,0.286,0.048,0.095,0.048,AC,0.321,0.5,0.591,0.5,0.545,0.5,NPC,low,moderate
NKD1,0.105,0.19,0.0,0.0,0.0,AC,0.19,0.227,0.5,0.182,0.136,0.136,MES,low,low
TANC1,0.158,0.381,0.381,0.048,0.048,MES,0.333,0.591,0.773,0.773,0.727,0.591,NPC,low,moderate
FASTK,0.474,0.619,0.714,0.714,0.474,NPC,0.241,0.682,0.818,0.727,0.727,0.682,NPC,moderate,moderate
PIK3CA,0.368,0.381,0.238,0.095,0.095,MES,0.286,0.818,0.773,0.818,0.727,0.727,MES,low,high
IGHMBP2,0.211,0.143,0.048,0.095,0.048,AC,0.163,0.182,0.182,0.091,0.091,0.091,AC,low,low
WDFY3,0.105,0.238,0.238,0.143,0.105,NPC,0.133,0.591,0.773,0.909,0.727,0.591,NPC,low,moderate
TNFSF12,0.158,0.238,0.619,0.571,0.158,NPC,0.461,0.182,0.455,0.545,0.591,0.182,NPC,low,low
DET1,0.0,0.095,0.048,0.0,0.0,NPC,0.095,0.0,0.045,0.0,0.045,0.0,NPC,low,low
TBC1D22B,0.105,0.143,0.0,0.048,0.0,AC,0.143,0.045,0.0,0.0,0.045,0.0,OPC,low,low
MYT1,0.263,0.19,0.0,0.0,0.0,AC,0.263,0.409,0.409,0.0,0.045,0.0,AC,low,low
