"gene","wang_NPC","wang_OPC","wang_AC","wang_MES","wang_SRI","wang_worst_state"
"ABCA2",0.182,0.591,0.545,0.273,0.182,"NPC"
"ABCA9",0,0.045,0,0.045,0,"NPC"
"ABCB6",0.227,0.273,0.409,0.409,0.227,"NPC"
"ABCC11",0,0,0,0,0,"NPC"
"ABCG1",0.182,0.182,0.091,0.136,0.091,"AC"
"ACTN1",0.455,0.455,0.727,0.818,0.455,"NPC"
"ACTR1B",0.545,0.773,0.636,0.727,0.545,"NPC"
"ADAMTS12",0,0,0,0.227,0,"NPC"
"ADGRV1",0.182,0.364,0.545,0.182,0.182,"NPC"
"ADNP",0.864,0.818,0.864,0.864,0.818,"OPC"
"AGBL3",0.091,0.182,0.182,0,0,"MES"
"AHI1",0.818,0.864,0.818,0.773,0.773,"MES"
"AHNAK2",0,0,0.091,0.182,0,"NPC"
"ALDH1L1",0.091,0.273,0.636,0.091,0.091,"NPC"
"ANKAR",0.227,0.227,0.318,0.182,0.182,"MES"
"ANKHD1",0.818,0.682,0.727,0.545,0.545,"MES"
"ANKRD53",0,0,0,0,0,"NPC"
"ANKS6",0.091,0.227,0.091,0,0,"MES"
"ANOS1",0,0.045,0.227,0,0,"NPC"
"ANTXR2",0.227,0.318,0.182,0.5,0.182,"AC"
"ARID3A",0.227,0.136,0.091,0.364,0.091,"AC"
"ARMCX4",0.5,0.545,0.409,0.227,0.227,"MES"
"ASIC1",0.273,0.409,0.364,0.091,0.091,"MES"
"ASMTL",0.455,0.5,0.455,0.591,0.455,"NPC"
"ASPM",0.455,0.545,0.273,0.273,0.273,"AC"
"ATP8A2",0,0,0,0,0,"NPC"
"ATXN1",0.773,0.818,0.773,0.818,0.773,"NPC"
"AXL",0.273,0.182,0.5,0.636,0.182,"OPC"
"B4GAT1",0.545,0.818,0.818,0.727,0.545,"NPC"
"BOD1L1",0.909,0.864,0.909,0.955,0.864,"OPC"
"BSG",0.864,0.864,1,0.955,0.864,"NPC"
"BTBD3",0.5,0.818,0.773,0.682,0.5,"NPC"
"BTBD8",0.273,0.227,0.182,0,0,"MES"
"CA5A",0,0,0,0.045,0,"NPC"
"CACNA1G",0,0,0,0,0,"NPC"
"CALM3",0.773,0.909,0.955,0.864,0.773,"NPC"
"CAMSAP1",0.5,0.591,0.5,0.545,0.5,"NPC"
"CAND1",0.864,0.818,0.818,0.773,0.773,"MES"
"CAP2",0.364,0.409,0.545,0.318,0.318,"MES"
"CBL",0.727,0.682,0.727,0.682,0.682,"OPC"
"CC2D1B",0.045,0.136,0.182,0.136,0.045,"NPC"
"CD96",0,0.045,0,0.045,0,"NPC"
"CDCP1",0,0,0,0.091,0,"NPC"
"CDKN1B",0.909,0.864,0.818,0.727,0.727,"MES"
"CDYL2",0,0,0,0.091,0,"NPC"
"CELSR1",0,0,0.045,0.045,0,"NPC"
"CEP41",0.545,0.818,0.727,0.545,0.545,"NPC"
"CFAP46",0,0,0.136,0,0,"NPC"
"CHD7",0.909,0.818,0.864,0.773,0.773,"MES"
"CHMP7",0.455,0.5,0.455,0.636,0.455,"NPC"
"CILP2",0,0,0,0,0,"NPC"
"CLEC11A",0.636,0.682,0.682,0.591,0.591,"MES"
"CLEC19A",0.045,0,0,0,0,"OPC"
"CLSTN3",0.136,0.136,0.136,0.136,0.136,"NPC"
"CNTNAP2",0.045,0.136,0,0,0,"AC"
"CNTNAP3",0,0,0.091,0,0,"NPC"
"COG6",0.318,0.5,0.409,0.545,0.318,"NPC"
"COL1A2",0.364,0.364,0.5,0.545,0.364,"NPC"
"COL5A1",0.045,0.091,0.091,0.364,0.045,"NPC"
"COL6A3",0,0.091,0,0.273,0,"NPC"
"COL9A3",0.545,0.773,0.636,0.318,0.318,"MES"
"CROCC",0,0,0.045,0,0,"NPC"
"CYSLTR2",0,0,0,0.091,0,"NPC"
"DAW1",0,0,0,0,0,"NPC"
"DBNL",0.727,0.818,0.909,0.818,0.727,"NPC"
"DDX3X",1,0.909,1,1,0.909,"OPC"
"DENND6B",0,0.045,0.091,0,0,"NPC"
"DET1",0,0.045,0,0.045,0,"NPC"
"DIS3",0.727,0.818,0.773,0.818,0.727,"NPC"
"DLEC1",0,0,0.045,0,0,"NPC"
"DNASE2",0.636,0.727,0.818,0.773,0.636,"NPC"
"DOP1A",0.227,0.273,0.273,0.182,0.182,"MES"
"DPH2",0.227,0.364,0.091,0.136,0.091,"AC"
"DPP8",0.682,0.864,0.773,0.773,0.682,"NPC"
"DPY19L2",0.045,0.045,0.045,0,0,"MES"
"DSG3",0,0.045,0,0,0,"NPC"
"ECT2",0.545,0.591,0.409,0.409,0.409,"AC"
"EGFR",0.455,0.5,0.636,0.545,0.455,"NPC"
"EIF2B5",0.682,0.818,0.818,0.727,0.682,"NPC"
"ELOA2",0,0,0,0,0,"NPC"
"EMILIN3",0.273,0.5,0.409,0.045,0.045,"MES"
"EPB41L3",0.273,0.273,0.136,0.136,0.136,"AC"
"EVPL",0,0,0,0,0,"NPC"
"EXOC6B",0.318,0.5,0.409,0.273,0.273,"MES"
"FAM118B",0.318,0.364,0.409,0.227,0.227,"MES"
"FAM186A",0,0,0,0,0,"NPC"
"FARP1",0.682,0.727,0.727,0.682,0.682,"NPC"
"FASTK",0.682,0.818,0.727,0.727,0.682,"NPC"
"FAT1",0.364,0.818,0.727,0.682,0.364,"NPC"
"FBLN5",0,0.045,0.091,0.227,0,"NPC"
"FCGBP",0.091,0.045,0.136,0.273,0.045,"OPC"
"FCRL3",0,0,0,0,0,"NPC"
"FOXJ3",0.773,0.818,0.818,0.773,0.773,"NPC"
"GABRB2",0,0.045,0,0,0,"NPC"
"GALNT15",0,0.136,0.318,0.227,0,"NPC"
"GBP1",0.091,0.227,0.636,0.591,0.091,"NPC"
"GCNA",0.045,0,0,0,0,"OPC"
"GEMIN5",0.273,0.364,0.318,0.364,0.273,"NPC"
"GIMAP8",0,0,0.045,0.091,0,"NPC"
"GRIN3B",0,0,0,0,0,"NPC"
"GRM8",0,0,0,0.091,0,"NPC"
"HECW1",0.045,0.045,0,0,0,"AC"
"HEPH",0,0.045,0.136,0.273,0,"NPC"
"HGS",0.591,0.864,0.682,0.727,0.591,"NPC"
"HMOX1",0.682,0.409,0.773,0.773,0.409,"OPC"
"HOMER1",0.5,0.5,0.545,0.727,0.5,"NPC"
"HSPBP1",0.682,0.773,0.727,0.682,0.682,"NPC"
"IGF2BP1",0,0,0,0,0,"NPC"
"IGHMBP2",0.182,0.182,0.091,0.091,0.091,"AC"
"INPP5E",0.091,0.227,0.136,0.136,0.091,"NPC"
"INTS2",0.227,0.364,0.318,0.227,0.227,"NPC"
"IQGAP1",0.864,0.818,0.955,0.909,0.818,"OPC"
"ITGAM",0.045,0.045,0.045,0,0,"MES"
"ITPR3",0,0,0,0,0,"NPC"
"KBTBD2",0.636,0.773,0.727,0.727,0.636,"NPC"
"KCNK6",0.136,0.091,0.045,0.091,0.045,"AC"
"KCTD8",0,0.136,0.045,0,0,"NPC"
"KIF27",0.045,0.045,0.136,0.091,0.045,"NPC"
"KIT",0.182,0.182,0.136,0.136,0.136,"AC"
"KLHL22",0.136,0.318,0.182,0.091,0.091,"MES"
"KLKB1",0,0,0,0,0,"NPC"
"LAMA4",0.318,0.5,0.5,0.591,0.318,"NPC"
"LAMB3",0,0.091,0,0,0,"NPC"
"LILRB5",0,0,0,0,0,"NPC"
"LRP1B",0.227,0.364,0.318,0.045,0.045,"MES"
"LRRK1",0.136,0.045,0.091,0,0,"MES"
"LRSAM1",0,0,0.045,0,0,"NPC"
"LSS",0.136,0.591,0.5,0.455,0.136,"NPC"
"LZTS2",0.182,0.5,0.273,0.318,0.182,"NPC"
"MAN2A1",0.5,0.727,0.5,0.864,0.5,"NPC"
"MATN4",0.045,0.045,0.045,0,0,"MES"
"MB",0,0,0,0,0,"NPC"
"MCM6",0.364,0.5,0.227,0.409,0.227,"AC"
"MDH1B",0.045,0,0.045,0,0,"OPC"
"MDN1",0.409,0.545,0.455,0.455,0.409,"NPC"
"MEGF6",0,0,0,0,0,"NPC"
"MGME1",0.545,0.682,0.545,0.5,0.5,"MES"
"MIEF2",0.045,0.045,0,0,0,"AC"
"MPO",0,0,0,0,0,"NPC"
"MPV17",0.727,0.864,0.818,0.727,0.727,"NPC"
"MS4A14",0.045,0,0,0,0,"OPC"
"MTCH1",0.864,0.864,0.955,0.864,0.864,"NPC"
"MTERF4",0.591,0.864,0.773,0.727,0.591,"NPC"
"MTMR6",0.545,0.727,0.773,0.773,0.545,"NPC"
"MYBPC1",0.182,0.364,0.591,0.318,0.182,"NPC"
"MYH9",0.455,0.636,0.864,0.864,0.455,"NPC"
"MYO7B",0,0,0,0,0,"NPC"
"MYT1",0.409,0.409,0,0.045,0,"AC"
"NBAS",0.545,0.591,0.545,0.545,0.545,"NPC"
"NF1",0.727,0.864,0.864,0.818,0.727,"NPC"
"NFASC",0.455,0.545,0.636,0.545,0.455,"NPC"
"NFKB1",0.5,0.591,0.545,0.727,0.5,"NPC"
"NKD1",0.227,0.5,0.182,0.136,0.136,"MES"
"NLRC3",0.045,0,0,0.045,0,"OPC"
"NLRP2",0,0,0,0,0,"NPC"
"NOTCH1",0.591,0.773,0.818,0.727,0.591,"NPC"
"NPHP3",0.591,0.545,0.545,0.773,0.545,"OPC"
"NPNT",0.136,0.409,0.455,0.227,0.136,"NPC"
"NR1H2",0.773,0.773,0.773,0.773,0.773,"NPC"
"NR1H3",0,0.091,0.045,0.091,0,"NPC"
"NRG1",0.091,0.136,0.045,0.091,0.045,"AC"
"NSUN6",0.727,0.727,0.727,0.636,0.636,"MES"
"NTPCR",0.636,0.818,0.864,0.682,0.636,"NPC"
"OR4D1",0,0,0,0,0,"NPC"
"P4HA2",0.091,0,0.136,0.455,0,"OPC"
"PANK2",0.773,0.682,0.818,0.727,0.682,"OPC"
"PCDHGA2",0,0,0,0,0,"NPC"
"PCSK6",0.045,0.182,0.045,0.045,0.045,"NPC"
"PDE1C",0.045,0.455,0.182,0.091,0.045,"NPC"
"PDZD2",0.273,0.727,0.591,0.5,0.273,"NPC"
"PEMT",0.5,0.773,0.773,0.727,0.5,"NPC"
"PGM5",0.136,0.091,0.136,0.182,0.091,"OPC"
"PIK3CA",0.818,0.773,0.818,0.727,0.727,"MES"
"PIK3CB",0.364,0.5,0.5,0.318,0.318,"MES"
"PLAGL1",0.091,0.136,0.227,0.364,0.091,"NPC"
"PLCH1",0,0,0.045,0,0,"NPC"
"PLXNA2",0.273,0.273,0.273,0.227,0.227,"MES"
"POLR1A",0.318,0.409,0.364,0.318,0.318,"NPC"
"PRC1",0.545,0.545,0.364,0.5,0.364,"AC"
"PRKD1",0.182,0.273,0.318,0.136,0.136,"MES"
"PRKDC",0.864,0.818,0.818,0.909,0.818,"OPC"
"PRPF39",0.455,0.409,0.364,0.455,0.364,"AC"
"PSG2",0,0,0,0,0,"NPC"
"PTEN",0.636,0.818,0.864,0.818,0.636,"NPC"
"PTPN11",0.773,0.909,0.864,0.864,0.773,"NPC"
"PTPRA",0.864,0.818,0.818,0.864,0.818,"OPC"
"PYGL",0.364,0.5,0.636,0.5,0.364,"NPC"
"RAB11FIP5",0,0,0,0.091,0,"NPC"
"RAB37",0,0,0,0.045,0,"NPC"
"RAD1",0.682,0.545,0.5,0.636,0.5,"AC"
"RAD21",0.773,0.864,0.909,0.864,0.773,"NPC"
"RB1",0.909,0.909,0.909,0.864,0.864,"MES"
"RBBP6",0.909,0.864,0.909,0.864,0.864,"OPC"
"REXO5",0.091,0.091,0,0,0,"AC"
"RGS18",0.136,0,0,0.045,0,"OPC"
"RIMBP2",0,0,0,0,0,"NPC"
"RNF217",0.182,0.136,0.182,0.455,0.136,"OPC"
"SALL3",0.455,0.727,0.636,0.182,0.182,"MES"
"SEMA3A",0.091,0.182,0.318,0.227,0.091,"NPC"
"SEMA6A",0.636,0.818,0.818,0.5,0.5,"MES"
"SERPINA5",0,0,0,0.045,0,"NPC"
"SGPP2",0,0,0,0.182,0,"NPC"
"SHPK",0,0,0,0,0,"NPC"
"SLC22A3",0,0,0,0,0,"NPC"
"SLC35F5",0.636,0.773,0.727,0.773,0.636,"NPC"
"SLC39A5",0,0,0,0,0,"NPC"
"SLC4A11",0,0,0,0,0,"NPC"
"SLC6A14",0,0,0,0,0,"NPC"
"SMC1A",0.864,0.864,0.818,0.818,0.818,"AC"
"SOCS5",0.409,0.545,0.455,0.545,0.409,"NPC"
"SORL1",0.636,0.727,0.955,0.591,0.591,"MES"
"SOX10",0.273,0.455,0.227,0.182,0.182,"MES"
"SOX9",0.682,0.864,0.818,0.682,0.682,"NPC"
"SPATA5",0.364,0.364,0.273,0.136,0.136,"MES"
"SPATA6L",0,0.045,0,0,0,"NPC"
"SPEG",0.182,0.136,0.455,0.227,0.136,"OPC"
"SPEN",0.818,0.818,0.864,0.909,0.818,"NPC"
"SPIRE1",0.5,0.727,0.727,0.636,0.5,"NPC"
"SRCIN1",0.182,0.318,0.182,0,0,"MES"
"ST3GAL5",0.727,0.864,0.818,0.727,0.727,"NPC"
"ST6GALNAC1",0,0,0,0.045,0,"NPC"
"STK24",0.591,0.636,0.636,0.773,0.591,"NPC"
"STPG1",0,0.091,0.091,0.045,0,"NPC"
"STRADB",0.409,0.636,0.636,0.636,0.409,"NPC"
"SUGT1",0.773,0.864,0.818,0.773,0.773,"NPC"
"SUPV3L1",0.273,0.318,0.273,0.136,0.136,"MES"
"SYNE1",0.636,0.818,0.818,0.818,0.636,"NPC"
"SYNE2",0.818,0.727,0.727,0.727,0.727,"OPC"
"SYTL4",0.091,0.273,0.545,0.273,0.091,"NPC"
"TANC1",0.591,0.773,0.773,0.727,0.591,"NPC"
"TAT",0,0,0,0,0,"NPC"
"TBC1D22B",0.045,0,0,0.045,0,"OPC"
"TECTA",0,0,0,0,0,"NPC"
"TEP1",0.045,0.045,0.136,0.091,0.045,"NPC"
"TJP3",0,0,0,0,0,"NPC"
"TLN1",0.955,0.864,0.909,0.909,0.864,"OPC"
"TMC7",0,0.182,0.091,0,0,"NPC"
"TMCO3",0.591,0.818,0.727,0.727,0.591,"NPC"
"TMEM150B",0,0,0,0,0,"NPC"
"TMEM38A",0.045,0,0.045,0,0,"OPC"
"TMEM52B",0.091,0,0,0,0,"OPC"
"TNFSF12",0.182,0.455,0.545,0.591,0.182,"NPC"
"TNK2",0.682,0.864,0.591,0.318,0.318,"MES"
"TOLLIP",0.545,0.773,0.773,0.773,0.545,"NPC"
"TP53",0.591,0.5,0.591,0.545,0.5,"OPC"
"TPSB2",0,0,0,0.045,0,"NPC"
"TRERF1",0,0.045,0.045,0,0,"NPC"
"TRPA1",0,0,0,0,0,"NPC"
"TUBA8",0,0,0,0,0,"NPC"
"USH2A",0,0,0,0,0,"NPC"
"USP24",0.409,0.5,0.409,0.455,0.409,"NPC"
"USP42",0.455,0.682,0.591,0.5,0.455,"NPC"
"USP51",0.182,0.227,0.136,0.136,0.136,"AC"
"WDFY3",0.591,0.773,0.909,0.727,0.591,"NPC"
"WDR45",0.591,0.727,0.727,0.818,0.591,"NPC"
"WSB1",0.955,0.864,1,0.955,0.864,"OPC"
"XRN1",0.682,0.727,0.591,0.682,0.591,"AC"
"XYLT1",0.318,0.455,0.136,0.091,0.091,"MES"
"ZBTB21",0.364,0.5,0.545,0.591,0.364,"NPC"
"ZBTB46",0.045,0,0,0.091,0,"OPC"
"ZC3H7A",0.818,0.818,0.818,0.818,0.818,"NPC"
"ZC3HC1",0.318,0.273,0.364,0.227,0.227,"MES"
"ZCCHC14",0.5,0.682,0.5,0.409,0.409,"MES"
"ZFC3H1",0.864,0.818,0.864,0.818,0.818,"OPC"
"ZIM2",0,0,0,0,0,"NPC"
"ZNF215",0.045,0,0,0,0,"OPC"
"ZNF224",0.591,0.682,0.682,0.727,0.591,"NPC"
"ZNF408",0.136,0.091,0.136,0.136,0.091,"OPC"
"ZNF440",0.045,0.091,0,0,0,"AC"
"ZNF513",0.045,0.136,0.182,0.091,0.045,"NPC"
"ZNF528",0.545,0.682,0.636,0.682,0.545,"NPC"
"ZNF562",0.864,0.727,0.818,0.864,0.727,"OPC"
"ZSCAN12",0.136,0.136,0.091,0.091,0.091,"AC"
